{
  "type": "minecraft:cache_once",
  "argument": {
    "type": "minecraft:mul",
    "argument1": {
      "type": "minecraft:spline",
      "spline": {
        "coordinate": "minecraft:overworld/continents",
        "points": [
          {
            "location": -0.16,
            "derivative": 0,
            "value": 0
          },
          {
            "location": -0.14,
            "derivative": 0,
            "value": {
              "coordinate": "tectonic:erosion",
              "points": [
                {
                  "location": 0.85,
                  "derivative": 0,
                  "value": 0
                },
                {
                  "location": 0.90,
                  "derivative": 0,
                  "value": {
                    "coordinate": "tectonic:ridges",
                    "points": [
                      {
                        "location": 0.0,
                        "derivative": 0,
                        "value": 0
                      },
                      {
                        "location": 0.06,
                        "derivative": 0,
                        "value": 1
                      }
                    ]
                  }
                },
                {
                  "location": 0.95,
                  "derivative": 0,
                  "value": {
                    "coordinate": "tectonic:ridges",
                    "points": [
                      {
                        "location": 0.0,
                        "derivative": 0,
                        "value": 0
                      },
                      {
                        "location": 0.06,
                        "derivative": 0,
                        "value": 1
                      }
                    ]
                  }
                },
                {
                  "location": 1,
                  "derivative": 0,
                  "value": 0
                }
              ]
            }
          },
          {
            "location": 0,
            "derivative": 0,
            "value": {
              "coordinate": "tectonic:erosion",
              "points": [
                {
                  "location": 0.85,
                  "derivative": 0,
                  "value": 0
                },
                {
                  "location": 0.9,
                  "derivative": 0,
                  "value": {
                    "coordinate": "tectonic:ridges",
                    "points": [
                      {
                        "location": 0.025,
                        "derivative": 0,
                        "value": 0
                      },
                      {
                        "location": 0.075,
                        "derivative": 0,
                        "value": 1
                      }
                    ]
                  }
                },
                {
                  "location": 0.95,
                  "derivative": 0,
                  "value": {
                    "coordinate": "tectonic:ridges",
                    "points": [
                      {
                        "location": 0.025,
                        "derivative": 0,
                        "value": 0
                      },
                      {
                        "location": 0.075,
                        "derivative": 0,
                        "value": 1
                      }
                    ]
                  }
                },
                {
                  "location": 1,
                  "derivative": 0,
                  "value": 0
                }
              ]
            }
          },
          {
            "location": 0.05,
            "derivative": 0,
            "value": {
              "coordinate": "tectonic:erosion",
              "points": [
                {
                  "location": 0.95,
                  "derivative": 0,
                  "value": 0
                },
                {
                  "location": 1,
                  "derivative": 0,
                  "value": {
                    "coordinate": "tectonic:ridges",
                    "points": [
                      {
                        "location": 0.025,
                        "derivative": 0,
                        "value": 0
                      },
                      {
                        "location": 0.075,
                        "derivative": 0,
                        "value": 1
                      }
                    ]
                  }
                }
              ]
            }
          }
        ]
      }
    },
    "argument2": {
      "type": "minecraft:spline",
      "spline": {
        "coordinate": "minecraft:overworld/depth",
        "points": [
          {
            "location": -0.75,
            "derivative": 0,
            "value": 0
          },
          {
            "location": 0,
            "derivative": 0,
            "value": 1
          },
          {
            "location": 0.05,
            "derivative": 0,
            "value": 0
          }
        ]
      }
    }
  }
}