{
    "variants": {
        "facing=north":  [
			{ "model": "betterend:block/small_jellyshroom_wall_1", "y": 180 },
			{ "model": "betterend:block/small_jellyshroom_wall_2", "y": 180 },
			{ "model": "betterend:block/small_jellyshroom_wall_1_1", "y": 180 },
			{ "model": "betterend:block/small_jellyshroom_wall_2_1", "y": 180 },
			{ "model": "betterend:block/small_jellyshroom_wall_1_2", "y": 180 },
			{ "model": "betterend:block/small_jellyshroom_wall_2_2", "y": 180 }
		],
        "facing=south":  [
			{ "model": "betterend:block/small_jellyshroom_wall_1" },
			{ "model": "betterend:block/small_jellyshroom_wall_2" },
			{ "model": "betterend:block/small_jellyshroom_wall_1_1" },
			{ "model": "betterend:block/small_jellyshroom_wall_2_1" },
			{ "model": "betterend:block/small_jellyshroom_wall_1_2" },
			{ "model": "betterend:block/small_jellyshroom_wall_2_2" }
		],
        "facing=east":  [
			{ "model": "betterend:block/small_jellyshroom_wall_1", "y": 270 },
			{ "model": "betterend:block/small_jellyshroom_wall_2", "y": 270 },
			{ "model": "betterend:block/small_jellyshroom_wall_1_1", "y": 270 },
			{ "model": "betterend:block/small_jellyshroom_wall_2_1", "y": 270 },
			{ "model": "betterend:block/small_jellyshroom_wall_1_2", "y": 270 },
			{ "model": "betterend:block/small_jellyshroom_wall_2_2", "y": 270 }
		],
        "facing=west":  [
			{ "model": "betterend:block/small_jellyshroom_wall_1", "y": 90 },
			{ "model": "betterend:block/small_jellyshroom_wall_2", "y": 90 },
			{ "model": "betterend:block/small_jellyshroom_wall_1_1", "y": 90 },
			{ "model": "betterend:block/small_jellyshroom_wall_2_1", "y": 90 },
			{ "model": "betterend:block/small_jellyshroom_wall_1_2", "y": 90 },
			{ "model": "betterend:block/small_jellyshroom_wall_2_2", "y": 90 }
		],
		"facing=up":    [
			{ "model": "betterend:block/small_jellyshroom_floor" },
			{ "model": "betterend:block/small_jellyshroom_floor", "y": 90 },
			{ "model": "betterend:block/small_jellyshroom_floor", "y": 180 },
			{ "model": "betterend:block/small_jellyshroom_floor", "y": 270 },
			{ "model": "betterend:block/small_jellyshroom_floor_1" },
			{ "model": "betterend:block/small_jellyshroom_floor_1", "y": 90 },
			{ "model": "betterend:block/small_jellyshroom_floor_1", "y": 180 },
			{ "model": "betterend:block/small_jellyshroom_floor_1", "y": 270 },
			{ "model": "betterend:block/small_jellyshroom_floor_2" },
			{ "model": "betterend:block/small_jellyshroom_floor_2", "y": 90 },
			{ "model": "betterend:block/small_jellyshroom_floor_2", "y": 180 },
			{ "model": "betterend:block/small_jellyshroom_floor_2", "y": 270 }
		],
        "facing=down":  [
			{ "model": "betterend:block/small_jellyshroom_ceil" },
			{ "model": "betterend:block/small_jellyshroom_ceil", "y": 90 },
			{ "model": "betterend:block/small_jellyshroom_ceil", "y": 180 },
			{ "model": "betterend:block/small_jellyshroom_ceil", "y": 270 },
			{ "model": "betterend:block/small_jellyshroom_ceil_1" },
			{ "model": "betterend:block/small_jellyshroom_ceil_1", "y": 90 },
			{ "model": "betterend:block/small_jellyshroom_ceil_1", "y": 180 },
			{ "model": "betterend:block/small_jellyshroom_ceil_1", "y": 270 },
			{ "model": "betterend:block/small_jellyshroom_ceil_2" },
			{ "model": "betterend:block/small_jellyshroom_ceil_2", "y": 90 },
			{ "model": "betterend:block/small_jellyshroom_ceil_2", "y": 180 },
			{ "model": "betterend:block/small_jellyshroom_ceil_2", "y": 270 }
		]
    }
}
