{
  "type": "minecraft:add",
  "argument1": 0.2,
  "argument2": {
    "type": "minecraft:mul",
    "argument1": {
      "type": "minecraft:y_clamped_gradient",
      "from_y": -64,
      "to_y": -50,
      "from_value": 0,
      "to_value": 1
    },
    "argument2": {
      "type": "minecraft:add",
      "argument1": {
        "type": "minecraft:add",
        "argument1": -0.18,
        "argument2": {
          "type": "minecraft:mul",
          "argument1": 0.02,
          "argument2": {
            "type": "minecraft:noise",
            "noise": "minecraft:spaghetti_3d_thickness",
            "xz_scale": 0.2,
            "y_scale": 0.2
          }
        }
      },
      "argument2": {
        "type": "minecraft:min",
        "argument1": {
          "type": "minecraft:add",
          "argument1": "tectonic:caves/rivers",
          "argument2": "tectonic:caves/chasms"
        },
        "argument2": "tectonic:caves/tunnels"
      }
    }
  }
}
