{
  "type": "minecraft:min",
  "argument1": {
    "type": "minecraft:min",
    "argument1": {
      "type": "minecraft:squeeze",
      "argument": {
        "type": "minecraft:mul",
        "argument1": 0.64,
        "argument2": {
          "type": "minecraft:interpolated",
          "argument": {
            "type": "minecraft:blend_density",
            "argument": {
              "type": "minecraft:add",
              "argument1": 0.1171875,
              "argument2": {
                "type": "minecraft:mul",
                "argument1": {
                  "type": "minecraft:y_clamped_gradient",
                  "from_y": -64,
                  "to_y": -40,
                  "from_value": 0,
                  "to_value": 1
                },
                "argument2": {
                  "type": "minecraft:add",
                  "argument1": -0.1171875,
                  "argument2": {
                    "type": "minecraft:range_choice",
                    "input": "minecraft:overworld/depth",
                    "min_inclusive": -1000000,
                    "max_exclusive": 0.1,
                    "when_in_range": "minecraft:overworld/sloped_cheese",
                    "when_out_of_range": "tectonic:caves/total"
                  }
                }
              }
            }
          }
        }
      }
    },
    "argument2": "tectonic:underground_river/total"
  },
  "argument2": "tectonic:legacy/cliffs"
}