{
  "type": "minecraft:chest",
  "pools": [
    {
      "rolls": 1,
      "entries": [
        {
          "type": "item",
          "name": "minecraft:iron_ingot",
          "functions": [
            {
              "function": "minecraft:enchant_randomly",
              "enchantments": [
                "binding_curse"
              ]
            },
			{
			  "function": "minecraft:set_name",
			  "name": {
				"text": "Item Magnet",
				"color": "gold",
				"italic": "false"
			  }
			},
			{
			  "function": "minecraft:set_lore",
			  "lore": [
				{
				"text": "Has a \"magnetic\" personality.",
				"color": "blue",
				"italic": "false"
				},
				{
				"text": "(Hold in your off-hand)",
				"color": "gray",
				"italic": "false"
				}
			  ]
			},			
			{
			  "function": "minecraft:set_nbt",
			  "tag": "{HideFlags:1b,isMagnet:1b}"
			}			
          ]
        }
      ]
    }	
  ]
}