{
  "type": "minecraft:flat_cache",
  "argument": {
    "type": "minecraft:cache_2d",
    "argument": {
      "type": "minecraft:spline",
      "spline": {
        "coordinate": "tectonic:erosion",
        "points": [
          {
            "location": -0.5,
            "derivative": 0,
            "value": 0.3
          },
          {
            "location": -0.35,
            "derivative": -1.75,
            "value": -0.05
          },
          {
            "location": -0.16,
            "derivative": 0,
            "value": -0.3
          },
          {
            "location": -0.11,
            "derivative": 0,
            "value": -0.3
          },
          {
            "location": -0.075,
            "derivative": 0,
            "value": -0.5
          },{
            "location": -0.075,
            "derivative": 0,
            "value": {
              "coordinate": "minecraft:overworld/continents",
              "points": [
                {
                  "location": 0,
                  "derivative": 0,
                  "value": -0.5
                },
                {
                  "location": 0.1,
                  "derivative": 0,
                  "value": -1
                }
              ]
            }
          },
          {
            "location": 0.075,
            "derivative": 0,
            "value": {
              "coordinate": "minecraft:overworld/continents",
              "points": [
                {
                  "location": 0,
                  "derivative": 0,
                  "value": -0.5
                },
                {
                  "location": 0.1,
                  "derivative": 0,
                  "value": -1
                }
              ]
            }
          },
          {
            "location": 0.075,
            "derivative": 0,
            "value": -0.5
          },
          {
            "location": 0.11,
            "derivative": 0,
            "value": -0.5
          },
          {
            "location": 0.11,
            "derivative": 0,
            "value": -0.3
          },
          {
            "location": 0.16,
            "derivative": 0,
            "value": -0.3
          },
          {
            "location": 0.35,
            "derivative": 1.75,
            "value": -0.05
          },
          {
            "location": 0.5,
            "derivative": 0.25,
            "value": 0.3
          },
          {
            "location": 1.6,
            "value": 1,
            "derivative": 0.75
          }
        ]
      }
    }
  }
}
