{
	"__comment": "Designed by Paulevs with Cubik Studio - https://cubik.studio",
	"textures": {
		"particle": "betterend:block/small_jellyshroom_stem",
		"texture": "betterend:block/small_jellyshroom_stem",
		"cap": "betterend:block/jellyshroom_cap_small_2"
	},
	"elements": [ 	 
		{
			"__comment": "PlaneX1",
			"from": [ 2.375, 0, 2.375 ],
			"to": [ 2.376, 16, 18.375 ],
			"rotation": { "origin": [ 2.375, 0, 2.375 ], "axis": "y", "angle": 45 },
			"shade": false,
			"faces": {
				"west": { "uv": [ 0, 0, 16, 16 ], "texture": "#texture" },
				"east": { "uv": [ 0, 0, 16, 16 ], "texture": "#texture" }
			}
		},
		{
			"__comment": "PlaneX1",
			"from": [ 13.75, 0, 2.25 ],
			"to": [ 13.751, 16, 18.25 ],
			"rotation": { "origin": [ 13.75, 0, 2.25 ], "axis": "y", "angle": -45 },
			"shade": false,
			"faces": {
				"west": { "uv": [ 0, 0, 16, 16 ], "texture": "#texture" },
				"east": { "uv": [ 0, 0, 16, 16 ], "texture": "#texture" }
			}
		},
		{
			"__comment": "Box3",
			"from": [ 5.5, 11, 5.5 ],
			"to": [ 10.5, 14, 10.5 ],
			"faces": {
				"down": { "uv": [ 5, 0, 10, 5 ], "texture": "#cap" },
				"up": { "uv": [ 0, 0, 5, 5 ], "texture": "#cap" },
				"north": { "uv": [ 10, 0, 15, 3 ], "texture": "#cap" },
				"south": { "uv": [ 10, 0, 15, 3 ], "texture": "#cap" },
				"west": { "uv": [ 10, 0, 15, 3 ], "texture": "#cap" },
				"east": { "uv": [ 10, 0, 15, 3 ], "texture": "#cap" }
			}
		},
		{
			"__comment": "Box3",
			"from": [ 2.5, 5, 9.5 ],
			"to": [ 6.5, 8, 13.5 ],
			"faces": {
				"down": { "uv": [ 4, 5, 8, 9 ], "texture": "#cap" },
				"up": { "uv": [ 0, 5, 4, 9 ], "texture": "#cap" },
				"north": { "uv": [ 8, 5, 12, 8 ], "texture": "#cap" },
				"south": { "uv": [ 8, 5, 12, 8 ], "texture": "#cap" },
				"west": { "uv": [ 8, 5, 12, 8 ], "texture": "#cap" },
				"east": { "uv": [ 8, 5, 12, 8 ], "texture": "#cap" }
			}
		},
		{
			"__comment": "Box3",
			"from": [ 3, 4, 3 ],
			"to": [ 6, 6, 6 ],
			"faces": {
				"down": { "uv": [ 3, 9, 6, 12 ], "texture": "#cap" },
				"up": { "uv": [ 0, 9, 3, 12 ], "texture": "#cap" },
				"north": { "uv": [ 6, 9, 9, 11 ], "texture": "#cap" },
				"south": { "uv": [ 6, 9, 9, 11 ], "texture": "#cap" },
				"west": { "uv": [ 6, 9, 9, 11 ], "texture": "#cap" },
				"east": { "uv": [ 6, 9, 9, 11 ], "texture": "#cap" }
			}
		},
		{
			"__comment": "Box3",
			"from": [ 9.5, 10, 9.5 ],
			"to": [ 12.5, 12, 12.5 ],
			"faces": {
				"down": { "uv": [ 3, 9, 6, 12 ], "texture": "#cap" },
				"up": { "uv": [ 0, 9, 3, 12 ], "texture": "#cap" },
				"north": { "uv": [ 6, 9, 9, 11 ], "texture": "#cap" },
				"south": { "uv": [ 6, 9, 9, 11 ], "texture": "#cap" },
				"west": { "uv": [ 6, 9, 9, 11 ], "texture": "#cap" },
				"east": { "uv": [ 6, 9, 9, 11 ], "texture": "#cap" }
			}
		},
		{
			"__comment": "Box3",
			"from": [ 3.5, 10.5, 3.5 ],
			"to": [ 6.5, 12.5, 6.5 ],
			"faces": {
				"down": { "uv": [ 3, 9, 6, 12 ], "texture": "#cap" },
				"up": { "uv": [ 0, 9, 3, 12 ], "texture": "#cap" },
				"north": { "uv": [ 6, 9, 9, 11 ], "texture": "#cap" },
				"south": { "uv": [ 6, 9, 9, 11 ], "texture": "#cap" },
				"west": { "uv": [ 6, 9, 9, 11 ], "texture": "#cap" },
				"east": { "uv": [ 6, 9, 9, 11 ], "texture": "#cap" }
			}
		},
		{
			"__comment": "Box3",
			"from": [ 10.5, 11, 4 ],
			"to": [ 12.5, 12, 6 ],
			"faces": {
				"down": { "uv": [ 2, 12, 4, 14 ], "texture": "#cap" },
				"up": { "uv": [ 0, 12, 2, 14 ], "texture": "#cap" },
				"north": { "uv": [ 4, 12, 6, 13 ], "texture": "#cap" },
				"south": { "uv": [ 4, 12, 6, 13 ], "texture": "#cap" },
				"west": { "uv": [ 4, 12, 6, 13 ], "texture": "#cap" },
				"east": { "uv": [ 4, 12, 6, 13 ], "texture": "#cap" }
			}
		},
		{
			"__comment": "Box3",
			"from": [ 10, 5, 2.5 ],
			"to": [ 14, 7, 6.5 ],
			"faces": {
				"down": { "uv": [ 4, 5, 8, 9 ], "texture": "#cap" },
				"up": { "uv": [ 0, 5, 4, 9 ], "texture": "#cap" },
				"north": { "uv": [ 8, 5, 12, 7 ], "texture": "#cap" },
				"south": { "uv": [ 8, 5, 12, 7 ], "texture": "#cap" },
				"west": { "uv": [ 8, 5, 12, 7 ], "texture": "#cap" },
				"east": { "uv": [ 8, 5, 12, 7 ], "texture": "#cap" }
			}
		},
		{
			"__comment": "Box3",
			"from": [ 4, 10, 10 ],
			"to": [ 6, 11, 12 ],
			"faces": {
				"down": { "uv": [ 2, 12, 4, 14 ], "texture": "#cap" },
				"up": { "uv": [ 0, 12, 2, 14 ], "texture": "#cap" },
				"north": { "uv": [ 4, 12, 6, 13 ], "texture": "#cap" },
				"south": { "uv": [ 4, 12, 6, 13 ], "texture": "#cap" },
				"west": { "uv": [ 4, 12, 6, 13 ], "texture": "#cap" },
				"east": { "uv": [ 4, 12, 6, 13 ], "texture": "#cap" }
			}
		},
		{
			"__comment": "Box3",
			"from": [ 10, 4, 10 ],
			"to": [ 13, 6, 13 ],
			"faces": {
				"down": { "uv": [ 3, 9, 6, 12 ], "texture": "#cap" },
				"up": { "uv": [ 0, 9, 3, 12 ], "texture": "#cap" },
				"north": { "uv": [ 6, 9, 9, 11 ], "texture": "#cap" },
				"south": { "uv": [ 6, 9, 9, 11 ], "texture": "#cap" },
				"west": { "uv": [ 6, 9, 9, 11 ], "texture": "#cap" },
				"east": { "uv": [ 6, 9, 9, 11 ], "texture": "#cap" }
			}
		}
	]
}