{
    "criteria": {
        "vbnewegg": {
            "trigger": "minecraft:player_killed_entity",
            "conditions": {
                "entity": [
                    {
                        "condition": "minecraft:entity_properties",
                        "predicate": {
                            "type": "minecraft:ender_dragon"
                        },
                        "entity": "this"
                    }
                ]
            }
        }
    },
    "rewards": {
        "function": "vb:dragonegg/dragonkilled"
    },
    "parent": "vb:root"
}
